"N_round","rmse","SharkRay"
"1",0.094025,"Shark"
"2",0.09002,"Shark"
"3",0.088374,"Shark"
"4",0.088714,"Shark"
"5",0.082965,"Shark"
"6",0.091615,"Shark"
"7",0.08841,"Shark"
"8",0.093677,"Shark"
"9",0.091697,"Shark"
"10",0.085201,"Shark"
"11",0.079113,"Shark"
"12",0.09646,"Shark"
"13",0.091972,"Shark"
"14",0.09517,"Shark"
"15",0.088197,"Shark"
"16",0.08744,"Shark"
"17",0.083974,"Shark"
"18",0.083657,"Shark"
"19",0.087592,"Shark"
"20",0.084054,"Shark"
"21",0.091698,"Shark"
"22",0.088636,"Shark"
"23",0.092276,"Shark"
"24",0.085601,"Shark"
"25",0.086179,"Shark"
"26",0.089763,"Shark"
"27",0.08309,"Shark"
"28",0.093459,"Shark"
"29",0.092119,"Shark"
"30",0.087422,"Shark"
"31",0.092539,"Shark"
"32",0.088832,"Shark"
"33",0.094963,"Shark"
"34",0.085588,"Shark"
"35",0.084374,"Shark"
"36",0.078457,"Shark"
"37",0.086429,"Shark"
"38",0.093066,"Shark"
"39",0.092325,"Shark"
"40",0.074069,"Shark"
"41",0.09078,"Shark"
"42",0.092719,"Shark"
"43",0.091356,"Shark"
"44",0.093552,"Shark"
"45",0.088056,"Shark"
"46",0.09548,"Shark"
"47",0.084827,"Shark"
"48",0.090556,"Shark"
"49",0.091352,"Shark"
"50",0.089401,"Shark"
"51",0.090554,"Shark"
"52",0.088728,"Shark"
"53",0.080592,"Shark"
"54",0.091487,"Shark"
"55",0.090455,"Shark"
"56",0.087086,"Shark"
"57",0.095174,"Shark"
"58",0.090819,"Shark"
"59",0.095026,"Shark"
"60",0.087733,"Shark"
"61",0.088512,"Shark"
"62",0.075224,"Shark"
"63",0.094022,"Shark"
"64",0.084181,"Shark"
"65",0.086339,"Shark"
"66",0.093306,"Shark"
"67",0.090601,"Shark"
"68",0.081381,"Shark"
"69",0.093679,"Shark"
"70",0.09286,"Shark"
"71",0.087839,"Shark"
"72",0.089708,"Shark"
"73",0.086545,"Shark"
"74",0.087502,"Shark"
"75",0.084526,"Shark"
"76",0.084369,"Shark"
"77",0.085356,"Shark"
"78",0.090105,"Shark"
"79",0.084823,"Shark"
"80",0.082933,"Shark"
"81",0.09288,"Shark"
"82",0.082663,"Shark"
"83",0.087973,"Shark"
"84",0.085749,"Shark"
"85",0.08565,"Shark"
"86",0.087032,"Shark"
"87",0.088569,"Shark"
"88",0.085359,"Shark"
"89",0.097956,"Shark"
"90",0.087731,"Shark"
"91",0.088944,"Shark"
"92",0.087297,"Shark"
"93",0.086694,"Shark"
"94",0.092323,"Shark"
"95",0.08749,"Shark"
"96",0.09004,"Shark"
"97",0.095057,"Shark"
"98",0.086346,"Shark"
"99",0.082133,"Shark"
"100",0.083494,"Shark"
"101",0.083455,"Shark"
"102",0.093581,"Shark"
"103",0.088177,"Shark"
"104",0.08935,"Shark"
"105",0.087159,"Shark"
"106",0.08162,"Shark"
"107",0.089678,"Shark"
"108",0.087445,"Shark"
"109",0.093695,"Shark"
"110",0.092761,"Shark"
"111",0.083825,"Shark"
"112",0.078399,"Shark"
"113",0.091355,"Shark"
"114",0.085787,"Shark"
"115",0.090459,"Shark"
"116",0.09235,"Shark"
"117",0.091584,"Shark"
"118",0.09114,"Shark"
"119",0.084114,"Shark"
"120",0.09011,"Shark"
"121",0.094311,"Shark"
"122",0.087606,"Shark"
"123",0.088415,"Shark"
"124",0.093233,"Shark"
"125",0.085091,"Shark"
"126",0.08757,"Shark"
"127",0.086753,"Shark"
"128",0.098682,"Shark"
"129",0.084424,"Shark"
"130",0.079166,"Shark"
"131",0.089084,"Shark"
"132",0.094384,"Shark"
"133",0.095128,"Shark"
"134",0.083861,"Shark"
"135",0.091024,"Shark"
"136",0.091798,"Shark"
"137",0.093661,"Shark"
"138",0.088785,"Shark"
"139",0.091428,"Shark"
"140",0.08602,"Shark"
"141",0.083521,"Shark"
"142",0.077959,"Shark"
"143",0.095865,"Shark"
"144",0.086788,"Shark"
"145",0.091071,"Shark"
"146",0.079512,"Shark"
"147",0.077843,"Shark"
"148",0.082182,"Shark"
"149",0.091593,"Shark"
"150",0.089685,"Shark"
"151",0.093349,"Shark"
"152",0.091028,"Shark"
"153",0.091896,"Shark"
"154",0.087827,"Shark"
"155",0.083775,"Shark"
"156",0.08849,"Shark"
"157",0.086431,"Shark"
"158",0.082908,"Shark"
"159",0.086011,"Shark"
"160",0.08754,"Shark"
"161",0.080194,"Shark"
"162",0.091012,"Shark"
"163",0.088086,"Shark"
"164",0.084789,"Shark"
"165",0.092695,"Shark"
"166",0.086886,"Shark"
"167",0.085847,"Shark"
"168",0.090232,"Shark"
"169",0.094729,"Shark"
"170",0.084639,"Shark"
"171",0.092911,"Shark"
"172",0.094006,"Shark"
"173",0.092291,"Shark"
"174",0.098768,"Shark"
"175",0.093265,"Shark"
"176",0.085505,"Shark"
"177",0.082985,"Shark"
"178",0.088998,"Shark"
"179",0.077743,"Shark"
"180",0.093712,"Shark"
"181",0.086728,"Shark"
"182",0.081538,"Shark"
"183",0.092944,"Shark"
"184",0.08319,"Shark"
"185",0.087366,"Shark"
"186",0.091244,"Shark"
"187",0.085214,"Shark"
"188",0.088812,"Shark"
"189",0.096161,"Shark"
"190",0.089944,"Shark"
"191",0.080865,"Shark"
"192",0.09218,"Shark"
"193",0.085748,"Shark"
"194",0.093175,"Shark"
"195",0.088906,"Shark"
"196",0.083259,"Shark"
"197",0.092891,"Shark"
"198",0.089387,"Shark"
"199",0.091964,"Shark"
"200",0.089594,"Shark"
"201",0.087153,"Shark"
"202",0.090722,"Shark"
"203",0.097859,"Shark"
"204",0.083555,"Shark"
"205",0.089144,"Shark"
"206",0.090534,"Shark"
"207",0.096811,"Shark"
"208",0.087543,"Shark"
"209",0.082655,"Shark"
"210",0.085904,"Shark"
"211",0.099519,"Shark"
"212",0.088647,"Shark"
"213",0.096916,"Shark"
"214",0.089187,"Shark"
"215",0.081892,"Shark"
"216",0.0922,"Shark"
"217",0.086284,"Shark"
"218",0.090549,"Shark"
"219",0.087566,"Shark"
"220",0.086551,"Shark"
"221",0.098876,"Shark"
"222",0.083164,"Shark"
"223",0.080876,"Shark"
"224",0.091631,"Shark"
"225",0.085838,"Shark"
"226",0.085442,"Shark"
"227",0.092991,"Shark"
"228",0.091568,"Shark"
"229",0.092734,"Shark"
"230",0.088522,"Shark"
"231",0.091459,"Shark"
"232",0.083293,"Shark"
"233",0.086924,"Shark"
"234",0.084419,"Shark"
"235",0.089792,"Shark"
"236",0.088618,"Shark"
"237",0.096441,"Shark"
"238",0.089624,"Shark"
"239",0.086144,"Shark"
"240",0.089754,"Shark"
"241",0.09511,"Shark"
"242",0.088713,"Shark"
"243",0.093516,"Shark"
"244",0.082821,"Shark"
"245",0.086469,"Shark"
"246",0.093917,"Shark"
"247",0.088361,"Shark"
"248",0.088135,"Shark"
"249",0.089963,"Shark"
"250",0.089384,"Shark"
"251",0.088124,"Shark"
"252",0.092408,"Shark"
"253",0.088207,"Shark"
"254",0.091527,"Shark"
"255",0.085446,"Shark"
"256",0.078419,"Shark"
"257",0.090326,"Shark"
"258",0.083748,"Shark"
"259",0.087681,"Shark"
"260",0.090342,"Shark"
"261",0.087957,"Shark"
"262",0.08708,"Shark"
"263",0.091608,"Shark"
"264",0.084528,"Shark"
"265",0.08934,"Shark"
"266",0.090209,"Shark"
"267",0.095189,"Shark"
"268",0.087025,"Shark"
"269",0.092342,"Shark"
"270",0.08499,"Shark"
"271",0.08353,"Shark"
"272",0.093353,"Shark"
"273",0.083286,"Shark"
"274",0.092383,"Shark"
"275",0.085152,"Shark"
"276",0.086005,"Shark"
"277",0.090637,"Shark"
"278",0.088389,"Shark"
"279",0.094886,"Shark"
"280",0.093166,"Shark"
"281",0.083301,"Shark"
"282",0.084914,"Shark"
"283",0.091578,"Shark"
"284",0.082007,"Shark"
"285",0.091492,"Shark"
"286",0.087108,"Shark"
"287",0.087008,"Shark"
"288",0.083847,"Shark"
"289",0.090366,"Shark"
"290",0.081916,"Shark"
"291",0.091446,"Shark"
"292",0.095009,"Shark"
"293",0.083737,"Shark"
"294",0.078675,"Shark"
"295",0.094701,"Shark"
"296",0.086361,"Shark"
"297",0.091161,"Shark"
"298",0.089301,"Shark"
"299",0.093198,"Shark"
"300",0.090108,"Shark"
"301",0.087922,"Shark"
"302",0.088261,"Shark"
"303",0.089153,"Shark"
"304",0.094098,"Shark"
"305",0.092115,"Shark"
"306",0.092172,"Shark"
"307",0.088848,"Shark"
"308",0.098836,"Shark"
"309",0.086438,"Shark"
"310",0.092634,"Shark"
"311",0.090647,"Shark"
"312",0.081145,"Shark"
"313",0.092719,"Shark"
"314",0.079729,"Shark"
"315",0.089656,"Shark"
"316",0.087575,"Shark"
"317",0.090499,"Shark"
"318",0.091339,"Shark"
"319",0.08973,"Shark"
"320",0.084829,"Shark"
"321",0.092117,"Shark"
"322",0.083453,"Shark"
"323",0.096181,"Shark"
"324",0.090805,"Shark"
"325",0.088136,"Shark"
"326",0.091181,"Shark"
"327",0.092678,"Shark"
"328",0.084957,"Shark"
"329",0.08766,"Shark"
"330",0.080987,"Shark"
"331",0.094401,"Shark"
"332",0.087671,"Shark"
"333",0.094002,"Shark"
"334",0.089374,"Shark"
"335",0.084857,"Shark"
"336",0.083522,"Shark"
"337",0.091441,"Shark"
"338",0.091027,"Shark"
"339",0.086575,"Shark"
"340",0.096359,"Shark"
"341",0.089006,"Shark"
"342",0.087849,"Shark"
"343",0.094575,"Shark"
"344",0.098701,"Shark"
"345",0.088641,"Shark"
"346",0.094706,"Shark"
"347",0.089615,"Shark"
"348",0.087211,"Shark"
"349",0.094354,"Shark"
"350",0.07735,"Shark"
"351",0.092295,"Shark"
"352",0.093137,"Shark"
"353",0.094247,"Shark"
"354",0.09066,"Shark"
"355",0.086559,"Shark"
"356",0.073933,"Shark"
"357",0.093189,"Shark"
"358",0.089175,"Shark"
"359",0.090594,"Shark"
"360",0.092885,"Shark"
"361",0.097804,"Shark"
"362",0.092071,"Shark"
"363",0.090094,"Shark"
"364",0.089671,"Shark"
"365",0.091848,"Shark"
"366",0.090163,"Shark"
"367",0.082949,"Shark"
"368",0.085022,"Shark"
"369",0.089832,"Shark"
"370",0.086139,"Shark"
"371",0.086834,"Shark"
"372",0.091837,"Shark"
"373",0.088476,"Shark"
"374",0.09292,"Shark"
"375",0.085731,"Shark"
"376",0.080347,"Shark"
"377",0.09498,"Shark"
"378",0.090899,"Shark"
"379",0.088925,"Shark"
"380",0.091986,"Shark"
"381",0.089541,"Shark"
"382",0.08428,"Shark"
"383",0.09968,"Shark"
"384",0.082207,"Shark"
"385",0.09169,"Shark"
"386",0.082057,"Shark"
"387",0.081783,"Shark"
"388",0.089447,"Shark"
"389",0.092633,"Shark"
"390",0.088672,"Shark"
"391",0.089267,"Shark"
"392",0.089026,"Shark"
"393",0.094146,"Shark"
"394",0.094736,"Shark"
"395",0.087292,"Shark"
"396",0.092734,"Shark"
"397",0.090461,"Shark"
"398",0.081917,"Shark"
"399",0.090093,"Shark"
"400",0.092145,"Shark"
"401",0.087305,"Shark"
"402",0.083255,"Shark"
"403",0.084064,"Shark"
"404",0.092026,"Shark"
"405",0.09514,"Shark"
"406",0.088326,"Shark"
"407",0.087613,"Shark"
"408",0.085775,"Shark"
"409",0.093233,"Shark"
"410",0.079908,"Shark"
"411",0.092182,"Shark"
"412",0.088226,"Shark"
"413",0.084644,"Shark"
"414",0.089,"Shark"
"415",0.082164,"Shark"
"416",0.093091,"Shark"
"417",0.083329,"Shark"
"418",0.09015,"Shark"
"419",0.088507,"Shark"
"420",0.090439,"Shark"
"421",0.080066,"Shark"
"422",0.093587,"Shark"
"423",0.090733,"Shark"
"424",0.0837,"Shark"
"425",0.090499,"Shark"
"426",0.099208,"Shark"
"427",0.089544,"Shark"
"428",0.092657,"Shark"
"429",0.08439,"Shark"
"430",0.089902,"Shark"
"431",0.084035,"Shark"
"432",0.087608,"Shark"
"433",0.090945,"Shark"
"434",0.096856,"Shark"
"435",0.089858,"Shark"
"436",0.078146,"Shark"
"437",0.089214,"Shark"
"438",0.086043,"Shark"
"439",0.091562,"Shark"
"440",0.09004,"Shark"
"441",0.083448,"Shark"
"442",0.081344,"Shark"
"443",0.088096,"Shark"
"444",0.077365,"Shark"
"445",0.09094,"Shark"
"446",0.090008,"Shark"
"447",0.091413,"Shark"
"448",0.090094,"Shark"
"449",0.09791,"Shark"
"450",0.09821,"Shark"
"451",0.093033,"Shark"
"452",0.097077,"Shark"
"453",0.092541,"Shark"
"454",0.085362,"Shark"
"455",0.086319,"Shark"
"456",0.0874,"Shark"
"457",0.096744,"Shark"
"458",0.09222,"Shark"
"459",0.091955,"Shark"
"460",0.083544,"Shark"
"461",0.097453,"Shark"
"462",0.091163,"Shark"
"463",0.086376,"Shark"
"464",0.097221,"Shark"
"465",0.08518,"Shark"
"466",0.088206,"Shark"
"467",0.084242,"Shark"
"468",0.085463,"Shark"
"469",0.08093,"Shark"
"470",0.079528,"Shark"
"471",0.089103,"Shark"
"472",0.089232,"Shark"
"473",0.085682,"Shark"
"474",0.095021,"Shark"
"475",0.091339,"Shark"
"476",0.087931,"Shark"
"477",0.092354,"Shark"
"478",0.092399,"Shark"
"479",0.090493,"Shark"
"480",0.09076,"Shark"
"481",0.092831,"Shark"
"482",0.091185,"Shark"
"483",0.086195,"Shark"
"484",0.080402,"Shark"
"485",0.089782,"Shark"
"486",0.092486,"Shark"
"487",0.085226,"Shark"
"488",0.08269,"Shark"
"489",0.078243,"Shark"
"490",0.084765,"Shark"
"491",0.083428,"Shark"
"492",0.090114,"Shark"
"493",0.088874,"Shark"
"494",0.090686,"Shark"
"495",0.088244,"Shark"
"496",0.084625,"Shark"
"497",0.086532,"Shark"
"498",0.097178,"Shark"
"499",0.085008,"Shark"
"500",0.077882,"Shark"
"501",0.076063,"Shark"
"502",0.089698,"Shark"
"503",0.083718,"Shark"
"504",0.086716,"Shark"
"505",0.094161,"Shark"
"506",0.091188,"Shark"
"507",0.088079,"Shark"
"508",0.089918,"Shark"
"509",0.086786,"Shark"
"510",0.086515,"Shark"
"511",0.080204,"Shark"
"512",0.089664,"Shark"
"513",0.095877,"Shark"
"514",0.093279,"Shark"
"515",0.09414,"Shark"
"516",0.08782,"Shark"
"517",0.087405,"Shark"
"518",0.089878,"Shark"
"519",0.096775,"Shark"
"520",0.089145,"Shark"
"521",0.094635,"Shark"
"522",0.094726,"Shark"
"523",0.091823,"Shark"
"524",0.09552,"Shark"
"525",0.083927,"Shark"
"526",0.079815,"Shark"
"527",0.090554,"Shark"
"528",0.089124,"Shark"
"529",0.091821,"Shark"
"530",0.096544,"Shark"
"531",0.084982,"Shark"
"532",0.087786,"Shark"
"533",0.089529,"Shark"
"534",0.095838,"Shark"
"535",0.083505,"Shark"
"536",0.083474,"Shark"
"537",0.097494,"Shark"
"538",0.079514,"Shark"
"539",0.083307,"Shark"
"540",0.089588,"Shark"
"541",0.085463,"Shark"
"542",0.088561,"Shark"
"543",0.095192,"Shark"
"544",0.094657,"Shark"
"545",0.091362,"Shark"
"546",0.089231,"Shark"
"547",0.091045,"Shark"
"548",0.09032,"Shark"
"549",0.092456,"Shark"
"550",0.097018,"Shark"
"551",0.082519,"Shark"
"552",0.084532,"Shark"
"553",0.092611,"Shark"
"554",0.090109,"Shark"
"555",0.07018,"Shark"
"556",0.091238,"Shark"
"557",0.089571,"Shark"
"558",0.087407,"Shark"
"559",0.089619,"Shark"
"560",0.085798,"Shark"
"561",0.083052,"Shark"
"562",0.092826,"Shark"
"563",0.081661,"Shark"
"564",0.092129,"Shark"
"565",0.093169,"Shark"
"566",0.087369,"Shark"
"567",0.086856,"Shark"
"568",0.085587,"Shark"
"569",0.08497,"Shark"
"570",0.088156,"Shark"
"571",0.087838,"Shark"
"572",0.087564,"Shark"
"573",0.08471,"Shark"
"574",0.096725,"Shark"
"575",0.086386,"Shark"
"576",0.084973,"Shark"
"577",0.086573,"Shark"
"578",0.088001,"Shark"
"579",0.093317,"Shark"
"580",0.095072,"Shark"
"581",0.083672,"Shark"
"582",0.085431,"Shark"
"583",0.080233,"Shark"
"584",0.086737,"Shark"
"585",0.094533,"Shark"
"586",0.084283,"Shark"
"587",0.089458,"Shark"
"588",0.086346,"Shark"
"589",0.089745,"Shark"
"590",0.090816,"Shark"
"591",0.088252,"Shark"
"592",0.082871,"Shark"
"593",0.085448,"Shark"
"594",0.093345,"Shark"
"595",0.082839,"Shark"
"596",0.080578,"Shark"
"597",0.093172,"Shark"
"598",0.085499,"Shark"
"599",0.081611,"Shark"
"600",0.082025,"Shark"
"601",0.082641,"Shark"
"602",0.089452,"Shark"
"603",0.092853,"Shark"
"604",0.085817,"Shark"
"605",0.088834,"Shark"
"606",0.088098,"Shark"
"607",0.096615,"Shark"
"608",0.086053,"Shark"
"609",0.088656,"Shark"
"610",0.099277,"Shark"
"611",0.086429,"Shark"
"612",0.089067,"Shark"
"613",0.08569,"Shark"
"614",0.089491,"Shark"
"615",0.083177,"Shark"
"616",0.088145,"Shark"
"617",0.082207,"Shark"
"618",0.091279,"Shark"
"619",0.085702,"Shark"
"620",0.082042,"Shark"
"621",0.092504,"Shark"
"622",0.084467,"Shark"
"623",0.086514,"Shark"
"624",0.091681,"Shark"
"625",0.084579,"Shark"
"626",0.085503,"Shark"
"627",0.096791,"Shark"
"628",0.092207,"Shark"
"629",0.090279,"Shark"
"630",0.089031,"Shark"
"631",0.091174,"Shark"
"632",0.092753,"Shark"
"633",0.101244,"Shark"
"634",0.090877,"Shark"
"635",0.086128,"Shark"
"636",0.077303,"Shark"
"637",0.092154,"Shark"
"638",0.096488,"Shark"
"639",0.094922,"Shark"
"640",0.086583,"Shark"
"641",0.089956,"Shark"
"642",0.087163,"Shark"
"643",0.087145,"Shark"
"644",0.091311,"Shark"
"645",0.08605,"Shark"
"646",0.087572,"Shark"
"647",0.091461,"Shark"
"648",0.084824,"Shark"
"649",0.093253,"Shark"
"650",0.090897,"Shark"
"651",0.08478,"Shark"
"652",0.079248,"Shark"
"653",0.088129,"Shark"
"654",0.08966,"Shark"
"655",0.088691,"Shark"
"656",0.082867,"Shark"
"657",0.085565,"Shark"
"658",0.087296,"Shark"
"659",0.090113,"Shark"
"660",0.090246,"Shark"
"661",0.091629,"Shark"
"662",0.087916,"Shark"
"663",0.085893,"Shark"
"664",0.083507,"Shark"
"665",0.091194,"Shark"
"666",0.093858,"Shark"
"667",0.079355,"Shark"
"668",0.088988,"Shark"
"669",0.089177,"Shark"
"670",0.082728,"Shark"
"671",0.086666,"Shark"
"672",0.085682,"Shark"
"673",0.085953,"Shark"
"674",0.09575,"Shark"
"675",0.086677,"Shark"
"676",0.08769,"Shark"
"677",0.08975,"Shark"
"678",0.091527,"Shark"
"679",0.08074,"Shark"
"680",0.083845,"Shark"
"681",0.089482,"Shark"
"682",0.088501,"Shark"
"683",0.08442,"Shark"
"684",0.091981,"Shark"
"685",0.080546,"Shark"
"686",0.087192,"Shark"
"687",0.092402,"Shark"
"688",0.089269,"Shark"
"689",0.090594,"Shark"
"690",0.082715,"Shark"
"691",0.092711,"Shark"
"692",0.091238,"Shark"
"693",0.081499,"Shark"
"694",0.083353,"Shark"
"695",0.093104,"Shark"
"696",0.091065,"Shark"
"697",0.085576,"Shark"
"698",0.083546,"Shark"
"699",0.08633,"Shark"
"700",0.090688,"Shark"
"701",0.088766,"Shark"
"702",0.092525,"Shark"
"703",0.086387,"Shark"
"704",0.080679,"Shark"
"705",0.08555,"Shark"
"706",0.085648,"Shark"
"707",0.093395,"Shark"
"708",0.08405,"Shark"
"709",0.091741,"Shark"
"710",0.090728,"Shark"
"711",0.09644,"Shark"
"712",0.088919,"Shark"
"713",0.083541,"Shark"
"714",0.089865,"Shark"
"715",0.089917,"Shark"
"716",0.084559,"Shark"
"717",0.088005,"Shark"
"718",0.096641,"Shark"
"719",0.096858,"Shark"
"720",0.080296,"Shark"
"721",0.090296,"Shark"
"722",0.08655,"Shark"
"723",0.088299,"Shark"
"724",0.094925,"Shark"
"725",0.09346,"Shark"
"726",0.090912,"Shark"
"727",0.075502,"Shark"
"728",0.091186,"Shark"
"729",0.090245,"Shark"
"730",0.088411,"Shark"
"731",0.092089,"Shark"
"732",0.081424,"Shark"
"733",0.093633,"Shark"
"734",0.087056,"Shark"
"735",0.075173,"Shark"
"736",0.090654,"Shark"
"737",0.085244,"Shark"
"738",0.084022,"Shark"
"739",0.091303,"Shark"
"740",0.082762,"Shark"
"741",0.088916,"Shark"
"742",0.079861,"Shark"
"743",0.095531,"Shark"
"744",0.089153,"Shark"
"745",0.088068,"Shark"
"746",0.095227,"Shark"
"747",0.091952,"Shark"
"748",0.089801,"Shark"
"749",0.095788,"Shark"
"750",0.094256,"Shark"
"751",0.087366,"Shark"
"752",0.09342,"Shark"
"753",0.080111,"Shark"
"754",0.08499,"Shark"
"755",0.094742,"Shark"
"756",0.094852,"Shark"
"757",0.089868,"Shark"
"758",0.084133,"Shark"
"759",0.083683,"Shark"
"760",0.091455,"Shark"
"761",0.085353,"Shark"
"762",0.084974,"Shark"
"763",0.088896,"Shark"
"764",0.078947,"Shark"
"765",0.088105,"Shark"
"766",0.084503,"Shark"
"767",0.093025,"Shark"
"768",0.090621,"Shark"
"769",0.092948,"Shark"
"770",0.089861,"Shark"
"771",0.092804,"Shark"
"772",0.086819,"Shark"
"773",0.087185,"Shark"
"774",0.092621,"Shark"
"775",0.089132,"Shark"
"776",0.086076,"Shark"
"777",0.092519,"Shark"
"778",0.096356,"Shark"
"779",0.090275,"Shark"
"780",0.084518,"Shark"
"781",0.081459,"Shark"
"782",0.091999,"Shark"
"783",0.095799,"Shark"
"784",0.090191,"Shark"
"785",0.086458,"Shark"
"786",0.082817,"Shark"
"787",0.086444,"Shark"
"788",0.090103,"Shark"
"789",0.079579,"Shark"
"790",0.083266,"Shark"
"791",0.083052,"Shark"
"792",0.086178,"Shark"
"793",0.091513,"Shark"
"794",0.09457,"Shark"
"795",0.089128,"Shark"
"796",0.085367,"Shark"
"797",0.091351,"Shark"
"798",0.090121,"Shark"
"799",0.086736,"Shark"
"800",0.093073,"Shark"
"801",0.090685,"Shark"
"802",0.088803,"Shark"
"803",0.084978,"Shark"
"804",0.080673,"Shark"
"805",0.088205,"Shark"
"806",0.083379,"Shark"
"807",0.086656,"Shark"
"808",0.093326,"Shark"
"809",0.084158,"Shark"
"810",0.079316,"Shark"
"811",0.092899,"Shark"
"812",0.080493,"Shark"
"813",0.085101,"Shark"
"814",0.092888,"Shark"
"815",0.080772,"Shark"
"816",0.08862,"Shark"
"817",0.090302,"Shark"
"818",0.086979,"Shark"
"819",0.086094,"Shark"
"820",0.085221,"Shark"
"821",0.087297,"Shark"
"822",0.095869,"Shark"
"823",0.081299,"Shark"
"824",0.087914,"Shark"
"825",0.090952,"Shark"
"826",0.080349,"Shark"
"827",0.085543,"Shark"
"828",0.086242,"Shark"
"829",0.088881,"Shark"
"830",0.085697,"Shark"
"831",0.093161,"Shark"
"832",0.091939,"Shark"
"833",0.083716,"Shark"
"834",0.082356,"Shark"
"835",0.085617,"Shark"
"836",0.085224,"Shark"
"837",0.09289,"Shark"
"838",0.09605,"Shark"
"839",0.092226,"Shark"
"840",0.087481,"Shark"
"841",0.09002,"Shark"
"842",0.090147,"Shark"
"843",0.088576,"Shark"
"844",0.080974,"Shark"
"845",0.089724,"Shark"
"846",0.084146,"Shark"
"847",0.093605,"Shark"
"848",0.092179,"Shark"
"849",0.091807,"Shark"
"850",0.085331,"Shark"
"851",0.088115,"Shark"
"852",0.084454,"Shark"
"853",0.077868,"Shark"
"854",0.088015,"Shark"
"855",0.088177,"Shark"
"856",0.089756,"Shark"
"857",0.0895,"Shark"
"858",0.082832,"Shark"
"859",0.087124,"Shark"
"860",0.090112,"Shark"
"861",0.094517,"Shark"
"862",0.084591,"Shark"
"863",0.08334,"Shark"
"864",0.075693,"Shark"
"865",0.082916,"Shark"
"866",0.090532,"Shark"
"867",0.095659,"Shark"
"868",0.089224,"Shark"
"869",0.096481,"Shark"
"870",0.091137,"Shark"
"871",0.091413,"Shark"
"872",0.099774,"Shark"
"873",0.084206,"Shark"
"874",0.093858,"Shark"
"875",0.081763,"Shark"
"876",0.079729,"Shark"
"877",0.087148,"Shark"
"878",0.085742,"Shark"
"879",0.092315,"Shark"
"880",0.095742,"Shark"
"881",0.082904,"Shark"
"882",0.083694,"Shark"
"883",0.095253,"Shark"
"884",0.092349,"Shark"
"885",0.095765,"Shark"
"886",0.090275,"Shark"
"887",0.087037,"Shark"
"888",0.080346,"Shark"
"889",0.088335,"Shark"
"890",0.086648,"Shark"
"891",0.09539,"Shark"
"892",0.07971,"Shark"
"893",0.089599,"Shark"
"894",0.090364,"Shark"
"895",0.09195,"Shark"
"896",0.08432,"Shark"
"897",0.092121,"Shark"
"898",0.090146,"Shark"
"899",0.089074,"Shark"
"900",0.090604,"Shark"
"901",0.083669,"Shark"
"902",0.080353,"Shark"
"903",0.089524,"Shark"
"904",0.091696,"Shark"
"905",0.093887,"Shark"
"906",0.08514,"Shark"
"907",0.092732,"Shark"
"908",0.090617,"Shark"
"909",0.087008,"Shark"
"910",0.093699,"Shark"
"911",0.085055,"Shark"
"912",0.095504,"Shark"
"913",0.088576,"Shark"
"914",0.08884,"Shark"
"915",0.085403,"Shark"
"916",0.082213,"Shark"
"917",0.088967,"Shark"
"918",0.09226,"Shark"
"919",0.080938,"Shark"
"920",0.085623,"Shark"
"921",0.091046,"Shark"
"922",0.095086,"Shark"
"923",0.083038,"Shark"
"924",0.087396,"Shark"
"925",0.093413,"Shark"
"926",0.091527,"Shark"
"927",0.101079,"Shark"
"928",0.094382,"Shark"
"929",0.085248,"Shark"
"930",0.092683,"Shark"
"931",0.092451,"Shark"
"932",0.089096,"Shark"
"933",0.097373,"Shark"
"934",0.090471,"Shark"
"935",0.086082,"Shark"
"936",0.087913,"Shark"
"937",0.09537,"Shark"
"938",0.090625,"Shark"
"939",0.085426,"Shark"
"940",0.085296,"Shark"
"941",0.08177,"Shark"
"942",0.086997,"Shark"
"943",0.087708,"Shark"
"944",0.089352,"Shark"
"945",0.0886,"Shark"
"946",0.090816,"Shark"
"947",0.085529,"Shark"
"948",0.084313,"Shark"
"949",0.085934,"Shark"
"950",0.08719,"Shark"
"951",0.09036,"Shark"
"952",0.089845,"Shark"
"953",0.089145,"Shark"
"954",0.089652,"Shark"
"955",0.092553,"Shark"
"956",0.0767,"Shark"
"957",0.088628,"Shark"
"958",0.082941,"Shark"
"959",0.089334,"Shark"
"960",0.089661,"Shark"
"961",0.084344,"Shark"
"962",0.094943,"Shark"
"963",0.082159,"Shark"
"964",0.09464,"Shark"
"965",0.093343,"Shark"
"966",0.086829,"Shark"
"967",0.095529,"Shark"
"968",0.082744,"Shark"
"969",0.088086,"Shark"
"970",0.090578,"Shark"
"971",0.087594,"Shark"
"972",0.088861,"Shark"
"973",0.09075,"Shark"
"974",0.091816,"Shark"
"975",0.090555,"Shark"
"976",0.082695,"Shark"
"977",0.097457,"Shark"
"978",0.086136,"Shark"
"979",0.092657,"Shark"
"980",0.083137,"Shark"
"981",0.085967,"Shark"
"982",0.090116,"Shark"
"983",0.086519,"Shark"
"984",0.086505,"Shark"
"985",0.090797,"Shark"
"986",0.086335,"Shark"
"987",0.089784,"Shark"
"988",0.085449,"Shark"
"989",0.089666,"Shark"
"990",0.088202,"Shark"
"991",0.09399,"Shark"
"992",0.089314,"Shark"
"993",0.09304,"Shark"
"994",0.087794,"Shark"
"995",0.096439,"Shark"
"996",0.094688,"Shark"
"997",0.08829,"Shark"
"998",0.080646,"Shark"
"999",0.084278,"Shark"
"1000",0.087761,"Shark"
